,LAW_CAT_CD,OFNS_DESC,YEAR,CMPLNT_NUM
0,FELONY,ABORTION,2007.0,2
1,FELONY,ABORTION,2015.0,2
2,FELONY,ABORTION,2017.0,1
3,FELONY,ARSON,2006.0,1734
4,FELONY,ARSON,2007.0,1564
5,FELONY,ARSON,2008.0,1845
6,FELONY,ARSON,2009.0,1438
7,FELONY,ARSON,2010.0,1457
8,FELONY,ARSON,2011.0,1248
9,FELONY,ARSON,2012.0,1254
10,FELONY,ARSON,2013.0,1183
11,FELONY,ARSON,2014.0,1185
12,FELONY,ARSON,2015.0,1037
13,FELONY,ARSON,2016.0,765
14,FELONY,ARSON,2017.0,658
15,FELONY,BURGLARY,2006.0,23094
16,FELONY,BURGLARY,2007.0,21716
17,FELONY,BURGLARY,2008.0,20715
18,FELONY,BURGLARY,2009.0,19440
19,FELONY,BURGLARY,2010.0,18702
20,FELONY,BURGLARY,2011.0,18862
21,FELONY,BURGLARY,2012.0,19311
22,FELONY,BURGLARY,2013.0,17421
23,FELONY,BURGLARY,2014.0,16836
24,FELONY,BURGLARY,2015.0,15151
25,FELONY,BURGLARY,2016.0,12970
26,FELONY,BURGLARY,2017.0,11896
27,FELONY,CHILD ABANDONMENT/NON SUPPORT,2006.0,45
28,FELONY,CHILD ABANDONMENT/NON SUPPORT,2007.0,62
29,FELONY,CHILD ABANDONMENT/NON SUPPORT,2008.0,41
30,FELONY,CHILD ABANDONMENT/NON SUPPORT,2009.0,24
31,FELONY,CHILD ABANDONMENT/NON SUPPORT,2010.0,33
32,FELONY,CHILD ABANDONMENT/NON SUPPORT,2011.0,40
33,FELONY,CHILD ABANDONMENT/NON SUPPORT,2012.0,25
34,FELONY,CHILD ABANDONMENT/NON SUPPORT,2013.0,38
35,FELONY,CHILD ABANDONMENT/NON SUPPORT,2014.0,25
36,FELONY,CHILD ABANDONMENT/NON SUPPORT,2015.0,32
37,FELONY,CHILD ABANDONMENT/NON SUPPORT,2016.0,21
38,FELONY,CHILD ABANDONMENT/NON SUPPORT,2017.0,18
39,FELONY,CRIMINAL MISCHIEF & RELATED OF,2006.0,7575
40,FELONY,CRIMINAL MISCHIEF & RELATED OF,2007.0,7065
41,FELONY,CRIMINAL MISCHIEF & RELATED OF,2008.0,7064
42,FELONY,CRIMINAL MISCHIEF & RELATED OF,2009.0,6326
43,FELONY,CRIMINAL MISCHIEF & RELATED OF,2010.0,6028
44,FELONY,CRIMINAL MISCHIEF & RELATED OF,2011.0,6418
45,FELONY,CRIMINAL MISCHIEF & RELATED OF,2012.0,6779
46,FELONY,CRIMINAL MISCHIEF & RELATED OF,2013.0,7566
47,FELONY,CRIMINAL MISCHIEF & RELATED OF,2014.0,8772
48,FELONY,CRIMINAL MISCHIEF & RELATED OF,2015.0,8999
49,FELONY,CRIMINAL MISCHIEF & RELATED OF,2016.0,9962
50,FELONY,CRIMINAL MISCHIEF & RELATED OF,2017.0,9751
51,FELONY,DANGEROUS DRUGS,2006.0,8152
52,FELONY,DANGEROUS DRUGS,2007.0,8912
53,FELONY,DANGEROUS DRUGS,2008.0,7698
54,FELONY,DANGEROUS DRUGS,2009.0,7011
55,FELONY,DANGEROUS DRUGS,2010.0,6021
56,FELONY,DANGEROUS DRUGS,2011.0,5607
57,FELONY,DANGEROUS DRUGS,2012.0,5309
58,FELONY,DANGEROUS DRUGS,2013.0,4996
59,FELONY,DANGEROUS DRUGS,2014.0,4475
60,FELONY,DANGEROUS DRUGS,2015.0,4462
61,FELONY,DANGEROUS DRUGS,2016.0,4771
62,FELONY,DANGEROUS DRUGS,2017.0,4586
63,FELONY,DANGEROUS WEAPONS,2006.0,4307
64,FELONY,DANGEROUS WEAPONS,2007.0,4994
65,FELONY,DANGEROUS WEAPONS,2008.0,5271
66,FELONY,DANGEROUS WEAPONS,2009.0,5946
67,FELONY,DANGEROUS WEAPONS,2010.0,5416
68,FELONY,DANGEROUS WEAPONS,2011.0,5038
69,FELONY,DANGEROUS WEAPONS,2012.0,4972
70,FELONY,DANGEROUS WEAPONS,2013.0,5147
71,FELONY,DANGEROUS WEAPONS,2014.0,4611
72,FELONY,DANGEROUS WEAPONS,2015.0,4852
73,FELONY,DANGEROUS WEAPONS,2016.0,5463
74,FELONY,DANGEROUS WEAPONS,2017.0,4829
75,FELONY,ENDAN WELFARE INCOMP,2012.0,1
76,FELONY,ENDAN WELFARE INCOMP,2013.0,1
77,FELONY,ENDAN WELFARE INCOMP,2014.0,11
78,FELONY,ENDAN WELFARE INCOMP,2015.0,11
79,FELONY,ENDAN WELFARE INCOMP,2016.0,17
80,FELONY,ENDAN WELFARE INCOMP,2017.0,11
81,FELONY,FELONY ASSAULT,2006.0,17291
82,FELONY,FELONY ASSAULT,2007.0,17473
83,FELONY,FELONY ASSAULT,2008.0,16260
84,FELONY,FELONY ASSAULT,2009.0,16760
85,FELONY,FELONY ASSAULT,2010.0,17131
86,FELONY,FELONY ASSAULT,2011.0,18564
87,FELONY,FELONY ASSAULT,2012.0,19561
88,FELONY,FELONY ASSAULT,2013.0,20403
89,FELONY,FELONY ASSAULT,2014.0,20247
90,FELONY,FELONY ASSAULT,2015.0,20416
91,FELONY,FELONY ASSAULT,2016.0,20782
92,FELONY,FELONY ASSAULT,2017.0,19875
93,FELONY,FORGERY,2006.0,6724
94,FELONY,FORGERY,2007.0,6005
95,FELONY,FORGERY,2008.0,5051
96,FELONY,FORGERY,2009.0,4701
97,FELONY,FORGERY,2010.0,4769
98,FELONY,FORGERY,2011.0,4003
99,FELONY,FORGERY,2012.0,3818
100,FELONY,FORGERY,2013.0,4217
101,FELONY,FORGERY,2014.0,4799
102,FELONY,FORGERY,2015.0,5231
103,FELONY,FORGERY,2016.0,6195
104,FELONY,FORGERY,2017.0,5180
105,FELONY,GAMBLING,2006.0,29
106,FELONY,GAMBLING,2007.0,30
107,FELONY,GAMBLING,2008.0,15
108,FELONY,GAMBLING,2009.0,9
109,FELONY,GAMBLING,2010.0,11
110,FELONY,GAMBLING,2011.0,4
111,FELONY,GAMBLING,2012.0,9
112,FELONY,GAMBLING,2013.0,8
113,FELONY,GAMBLING,2014.0,4
114,FELONY,GAMBLING,2015.0,3
115,FELONY,GAMBLING,2016.0,3
116,FELONY,GAMBLING,2017.0,3
117,FELONY,GRAND LARCENY,2006.0,46229
118,FELONY,GRAND LARCENY,2007.0,44659
119,FELONY,GRAND LARCENY,2008.0,43754
120,FELONY,GRAND LARCENY,2009.0,38985
121,FELONY,GRAND LARCENY,2010.0,38065
122,FELONY,GRAND LARCENY,2011.0,38887
123,FELONY,GRAND LARCENY,2012.0,42961
124,FELONY,GRAND LARCENY,2013.0,45496
125,FELONY,GRAND LARCENY,2014.0,44271
126,FELONY,GRAND LARCENY,2015.0,44080
127,FELONY,GRAND LARCENY,2016.0,44091
128,FELONY,GRAND LARCENY,2017.0,40683
129,FELONY,GRAND LARCENY OF MOTOR VEHICLE,2006.0,15692
130,FELONY,GRAND LARCENY OF MOTOR VEHICLE,2007.0,13157
131,FELONY,GRAND LARCENY OF MOTOR VEHICLE,2008.0,12469
132,FELONY,GRAND LARCENY OF MOTOR VEHICLE,2009.0,10616
133,FELONY,GRAND LARCENY OF MOTOR VEHICLE,2010.0,10292
134,FELONY,GRAND LARCENY OF MOTOR VEHICLE,2011.0,9288
135,FELONY,GRAND LARCENY OF MOTOR VEHICLE,2012.0,8068
136,FELONY,GRAND LARCENY OF MOTOR VEHICLE,2013.0,7353
137,FELONY,GRAND LARCENY OF MOTOR VEHICLE,2014.0,7658
138,FELONY,GRAND LARCENY OF MOTOR VEHICLE,2015.0,7320
139,FELONY,GRAND LARCENY OF MOTOR VEHICLE,2016.0,6331
140,FELONY,GRAND LARCENY OF MOTOR VEHICLE,2017.0,5594
141,FELONY,"HOMICIDE-NEGLIGENT,UNCLASSIFIE",2006.0,3
142,FELONY,"HOMICIDE-NEGLIGENT,UNCLASSIFIE",2007.0,4
143,FELONY,"HOMICIDE-NEGLIGENT,UNCLASSIFIE",2008.0,2
144,FELONY,"HOMICIDE-NEGLIGENT,UNCLASSIFIE",2009.0,1
145,FELONY,"HOMICIDE-NEGLIGENT,UNCLASSIFIE",2010.0,4
146,FELONY,"HOMICIDE-NEGLIGENT,UNCLASSIFIE",2011.0,1
147,FELONY,"HOMICIDE-NEGLIGENT,UNCLASSIFIE",2012.0,5
148,FELONY,"HOMICIDE-NEGLIGENT,UNCLASSIFIE",2013.0,7
149,FELONY,"HOMICIDE-NEGLIGENT,UNCLASSIFIE",2014.0,6
150,FELONY,"HOMICIDE-NEGLIGENT,UNCLASSIFIE",2016.0,3
151,FELONY,"HOMICIDE-NEGLIGENT,UNCLASSIFIE",2017.0,16
152,FELONY,HOMICIDE-NEGLIGENT-VEHICLE,2006.0,5
153,FELONY,HOMICIDE-NEGLIGENT-VEHICLE,2007.0,6
154,FELONY,HOMICIDE-NEGLIGENT-VEHICLE,2008.0,11
155,FELONY,HOMICIDE-NEGLIGENT-VEHICLE,2009.0,19
156,FELONY,HOMICIDE-NEGLIGENT-VEHICLE,2010.0,12
157,FELONY,HOMICIDE-NEGLIGENT-VEHICLE,2011.0,11
158,FELONY,HOMICIDE-NEGLIGENT-VEHICLE,2012.0,13
159,FELONY,HOMICIDE-NEGLIGENT-VEHICLE,2013.0,11
160,FELONY,HOMICIDE-NEGLIGENT-VEHICLE,2014.0,2
161,FELONY,HOMICIDE-NEGLIGENT-VEHICLE,2015.0,3
162,FELONY,HOMICIDE-NEGLIGENT-VEHICLE,2016.0,1
163,FELONY,HOMICIDE-NEGLIGENT-VEHICLE,2017.0,3
164,FELONY,INTOXICATED/IMPAIRED DRIVING,2006.0,2
165,FELONY,INTOXICATED/IMPAIRED DRIVING,2008.0,2
166,FELONY,INTOXICATED/IMPAIRED DRIVING,2009.0,4
167,FELONY,INTOXICATED/IMPAIRED DRIVING,2010.0,8
168,FELONY,INTOXICATED/IMPAIRED DRIVING,2011.0,5
169,FELONY,INTOXICATED/IMPAIRED DRIVING,2012.0,5
170,FELONY,INTOXICATED/IMPAIRED DRIVING,2013.0,5
171,FELONY,INTOXICATED/IMPAIRED DRIVING,2014.0,12
172,FELONY,INTOXICATED/IMPAIRED DRIVING,2015.0,5
173,FELONY,INTOXICATED/IMPAIRED DRIVING,2016.0,1
174,FELONY,INTOXICATED/IMPAIRED DRIVING,2017.0,1
175,FELONY,KIDNAPPING,2014.0,1
176,FELONY,KIDNAPPING,2015.0,1
177,FELONY,KIDNAPPING,2016.0,7
178,FELONY,KIDNAPPING,2017.0,12
179,FELONY,KIDNAPPING & RELATED OFFENSES,2006.0,313
180,FELONY,KIDNAPPING & RELATED OFFENSES,2007.0,296
181,FELONY,KIDNAPPING & RELATED OFFENSES,2008.0,303
182,FELONY,KIDNAPPING & RELATED OFFENSES,2009.0,257
183,FELONY,KIDNAPPING & RELATED OFFENSES,2010.0,243
184,FELONY,KIDNAPPING & RELATED OFFENSES,2011.0,202
185,FELONY,KIDNAPPING & RELATED OFFENSES,2012.0,200
186,FELONY,KIDNAPPING & RELATED OFFENSES,2013.0,176
187,FELONY,KIDNAPPING & RELATED OFFENSES,2014.0,168
188,FELONY,KIDNAPPING & RELATED OFFENSES,2015.0,139
189,FELONY,KIDNAPPING & RELATED OFFENSES,2016.0,134
190,FELONY,KIDNAPPING & RELATED OFFENSES,2017.0,128
191,FELONY,KIDNAPPING AND RELATED OFFENSES,2012.0,1
192,FELONY,KIDNAPPING AND RELATED OFFENSES,2015.0,1
193,FELONY,MISCELLANEOUS PENAL LAW,2006.0,9440
194,FELONY,MISCELLANEOUS PENAL LAW,2007.0,9876
195,FELONY,MISCELLANEOUS PENAL LAW,2008.0,10354
196,FELONY,MISCELLANEOUS PENAL LAW,2009.0,10749
197,FELONY,MISCELLANEOUS PENAL LAW,2010.0,10493
198,FELONY,MISCELLANEOUS PENAL LAW,2011.0,10576
199,FELONY,MISCELLANEOUS PENAL LAW,2012.0,11187
200,FELONY,MISCELLANEOUS PENAL LAW,2013.0,12179
201,FELONY,MISCELLANEOUS PENAL LAW,2014.0,12930
202,FELONY,MISCELLANEOUS PENAL LAW,2015.0,12698
203,FELONY,MISCELLANEOUS PENAL LAW,2016.0,13080
204,FELONY,MISCELLANEOUS PENAL LAW,2017.0,12355
205,FELONY,MURDER & NON-NEGL. MANSLAUGHTER,2006.0,567
206,FELONY,MURDER & NON-NEGL. MANSLAUGHTER,2007.0,485
207,FELONY,MURDER & NON-NEGL. MANSLAUGHTER,2008.0,515
208,FELONY,MURDER & NON-NEGL. MANSLAUGHTER,2009.0,456
209,FELONY,MURDER & NON-NEGL. MANSLAUGHTER,2010.0,531
210,FELONY,MURDER & NON-NEGL. MANSLAUGHTER,2011.0,494
211,FELONY,MURDER & NON-NEGL. MANSLAUGHTER,2012.0,413
212,FELONY,MURDER & NON-NEGL. MANSLAUGHTER,2013.0,321
213,FELONY,MURDER & NON-NEGL. MANSLAUGHTER,2014.0,332
214,FELONY,MURDER & NON-NEGL. MANSLAUGHTER,2015.0,345
215,FELONY,MURDER & NON-NEGL. MANSLAUGHTER,2016.0,326
216,FELONY,MURDER & NON-NEGL. MANSLAUGHTER,2017.0,267
217,FELONY,NYS LAWS-UNCLASSIFIED FELONY,2006.0,339
218,FELONY,NYS LAWS-UNCLASSIFIED FELONY,2007.0,393
219,FELONY,NYS LAWS-UNCLASSIFIED FELONY,2008.0,406
220,FELONY,NYS LAWS-UNCLASSIFIED FELONY,2009.0,436
221,FELONY,NYS LAWS-UNCLASSIFIED FELONY,2010.0,372
222,FELONY,NYS LAWS-UNCLASSIFIED FELONY,2011.0,311
223,FELONY,NYS LAWS-UNCLASSIFIED FELONY,2012.0,335
224,FELONY,NYS LAWS-UNCLASSIFIED FELONY,2013.0,340
225,FELONY,NYS LAWS-UNCLASSIFIED FELONY,2014.0,484
226,FELONY,NYS LAWS-UNCLASSIFIED FELONY,2015.0,520
227,FELONY,NYS LAWS-UNCLASSIFIED FELONY,2016.0,567
228,FELONY,NYS LAWS-UNCLASSIFIED FELONY,2017.0,587
229,FELONY,OTHER STATE LAWS (NON PENAL LA,2017.0,39
230,FELONY,POSSESSION OF STOLEN PROPERTY,2006.0,1161
231,FELONY,POSSESSION OF STOLEN PROPERTY,2007.0,1075
232,FELONY,POSSESSION OF STOLEN PROPERTY,2008.0,1009
233,FELONY,POSSESSION OF STOLEN PROPERTY,2009.0,822
234,FELONY,POSSESSION OF STOLEN PROPERTY,2010.0,857
235,FELONY,POSSESSION OF STOLEN PROPERTY,2011.0,812
236,FELONY,POSSESSION OF STOLEN PROPERTY,2012.0,721
237,FELONY,POSSESSION OF STOLEN PROPERTY,2013.0,680
238,FELONY,POSSESSION OF STOLEN PROPERTY,2014.0,1057
239,FELONY,POSSESSION OF STOLEN PROPERTY,2015.0,899
240,FELONY,POSSESSION OF STOLEN PROPERTY,2016.0,766
241,FELONY,POSSESSION OF STOLEN PROPERTY,2017.0,1011
242,FELONY,PROSTITUTION & RELATED OFFENSES,2006.0,13
243,FELONY,PROSTITUTION & RELATED OFFENSES,2007.0,16
244,FELONY,PROSTITUTION & RELATED OFFENSES,2008.0,23
245,FELONY,PROSTITUTION & RELATED OFFENSES,2009.0,10
246,FELONY,PROSTITUTION & RELATED OFFENSES,2010.0,13
247,FELONY,PROSTITUTION & RELATED OFFENSES,2011.0,14
248,FELONY,PROSTITUTION & RELATED OFFENSES,2012.0,5
249,FELONY,PROSTITUTION & RELATED OFFENSES,2013.0,8
250,FELONY,PROSTITUTION & RELATED OFFENSES,2014.0,12
251,FELONY,PROSTITUTION & RELATED OFFENSES,2015.0,13
252,FELONY,PROSTITUTION & RELATED OFFENSES,2016.0,13
253,FELONY,PROSTITUTION & RELATED OFFENSES,2017.0,18
254,FELONY,RAPE,2006.0,1539
255,FELONY,RAPE,2007.0,1276
256,FELONY,RAPE,2008.0,1265
257,FELONY,RAPE,2009.0,1190
258,FELONY,RAPE,2010.0,1378
259,FELONY,RAPE,2011.0,1407
260,FELONY,RAPE,2012.0,1394
261,FELONY,RAPE,2013.0,1337
262,FELONY,RAPE,2014.0,1258
263,FELONY,RAPE,2015.0,1333
264,FELONY,RAPE,2016.0,1267
265,FELONY,RAPE,2017.0,1160
266,FELONY,ROBBERY,2006.0,23708
267,FELONY,ROBBERY,2007.0,21779
268,FELONY,ROBBERY,2008.0,22376
269,FELONY,ROBBERY,2009.0,18594
270,FELONY,ROBBERY,2010.0,19598
271,FELONY,ROBBERY,2011.0,19777
272,FELONY,ROBBERY,2012.0,20173
273,FELONY,ROBBERY,2013.0,19125
274,FELONY,ROBBERY,2014.0,16573
275,FELONY,ROBBERY,2015.0,16952
276,FELONY,ROBBERY,2016.0,15483
277,FELONY,ROBBERY,2017.0,13918
278,FELONY,SEX CRIMES,2006.0,1155
279,FELONY,SEX CRIMES,2007.0,998
280,FELONY,SEX CRIMES,2008.0,936
281,FELONY,SEX CRIMES,2009.0,910
282,FELONY,SEX CRIMES,2010.0,1060
283,FELONY,SEX CRIMES,2011.0,1010
284,FELONY,SEX CRIMES,2012.0,1224
285,FELONY,SEX CRIMES,2013.0,1039
286,FELONY,SEX CRIMES,2014.0,1007
287,FELONY,SEX CRIMES,2015.0,1019
288,FELONY,SEX CRIMES,2016.0,1094
289,FELONY,SEX CRIMES,2017.0,987
290,FELONY,THEFT-FRAUD,2006.0,5829
291,FELONY,THEFT-FRAUD,2007.0,6098
292,FELONY,THEFT-FRAUD,2008.0,6684
293,FELONY,THEFT-FRAUD,2009.0,5080
294,FELONY,THEFT-FRAUD,2010.0,5111
295,FELONY,THEFT-FRAUD,2011.0,5618
296,FELONY,THEFT-FRAUD,2012.0,6123
297,FELONY,THEFT-FRAUD,2013.0,4970
298,FELONY,THEFT-FRAUD,2014.0,4634
299,FELONY,THEFT-FRAUD,2015.0,4902
300,FELONY,THEFT-FRAUD,2016.0,4438
301,FELONY,THEFT-FRAUD,2017.0,3807
302,MISDEMEANOR,ADMINISTRATIVE CODE,2006.0,1011
303,MISDEMEANOR,ADMINISTRATIVE CODE,2007.0,938
304,MISDEMEANOR,ADMINISTRATIVE CODE,2008.0,997
305,MISDEMEANOR,ADMINISTRATIVE CODE,2009.0,1008
306,MISDEMEANOR,ADMINISTRATIVE CODE,2010.0,975
307,MISDEMEANOR,ADMINISTRATIVE CODE,2011.0,982
308,MISDEMEANOR,ADMINISTRATIVE CODE,2012.0,1008
309,MISDEMEANOR,ADMINISTRATIVE CODE,2013.0,1018
310,MISDEMEANOR,ADMINISTRATIVE CODE,2014.0,1017
311,MISDEMEANOR,ADMINISTRATIVE CODE,2015.0,974
312,MISDEMEANOR,ADMINISTRATIVE CODE,2016.0,944
313,MISDEMEANOR,ADMINISTRATIVE CODE,2017.0,815
314,MISDEMEANOR,AGRICULTURE & MRKTS LAW-UNCLASSIFIED,2015.0,86
315,MISDEMEANOR,AGRICULTURE & MRKTS LAW-UNCLASSIFIED,2016.0,141
316,MISDEMEANOR,AGRICULTURE & MRKTS LAW-UNCLASSIFIED,2017.0,120
317,MISDEMEANOR,ALCOHOLIC BEVERAGE CONTROL LAW,2006.0,76
318,MISDEMEANOR,ALCOHOLIC BEVERAGE CONTROL LAW,2007.0,77
319,MISDEMEANOR,ALCOHOLIC BEVERAGE CONTROL LAW,2008.0,58
320,MISDEMEANOR,ALCOHOLIC BEVERAGE CONTROL LAW,2009.0,71
321,MISDEMEANOR,ALCOHOLIC BEVERAGE CONTROL LAW,2010.0,86
322,MISDEMEANOR,ALCOHOLIC BEVERAGE CONTROL LAW,2011.0,79
323,MISDEMEANOR,ALCOHOLIC BEVERAGE CONTROL LAW,2012.0,92
324,MISDEMEANOR,ALCOHOLIC BEVERAGE CONTROL LAW,2013.0,64
325,MISDEMEANOR,ALCOHOLIC BEVERAGE CONTROL LAW,2014.0,69
326,MISDEMEANOR,ALCOHOLIC BEVERAGE CONTROL LAW,2015.0,78
327,MISDEMEANOR,ALCOHOLIC BEVERAGE CONTROL LAW,2016.0,96
328,MISDEMEANOR,ALCOHOLIC BEVERAGE CONTROL LAW,2017.0,148
329,MISDEMEANOR,ANTICIPATORY OFFENSES,2006.0,15
330,MISDEMEANOR,ANTICIPATORY OFFENSES,2007.0,13
331,MISDEMEANOR,ANTICIPATORY OFFENSES,2008.0,14
332,MISDEMEANOR,ANTICIPATORY OFFENSES,2009.0,11
333,MISDEMEANOR,ANTICIPATORY OFFENSES,2010.0,10
334,MISDEMEANOR,ANTICIPATORY OFFENSES,2011.0,9
335,MISDEMEANOR,ANTICIPATORY OFFENSES,2012.0,8
336,MISDEMEANOR,ANTICIPATORY OFFENSES,2013.0,8
337,MISDEMEANOR,ANTICIPATORY OFFENSES,2014.0,5
338,MISDEMEANOR,ANTICIPATORY OFFENSES,2015.0,2
339,MISDEMEANOR,ANTICIPATORY OFFENSES,2016.0,2
340,MISDEMEANOR,ANTICIPATORY OFFENSES,2017.0,5
341,MISDEMEANOR,ASSAULT 3 & RELATED OFFENSES,2006.0,52084
342,MISDEMEANOR,ASSAULT 3 & RELATED OFFENSES,2007.0,51343
343,MISDEMEANOR,ASSAULT 3 & RELATED OFFENSES,2008.0,50231
344,MISDEMEANOR,ASSAULT 3 & RELATED OFFENSES,2009.0,50164
345,MISDEMEANOR,ASSAULT 3 & RELATED OFFENSES,2010.0,52662
346,MISDEMEANOR,ASSAULT 3 & RELATED OFFENSES,2011.0,50863
347,MISDEMEANOR,ASSAULT 3 & RELATED OFFENSES,2012.0,54497
348,MISDEMEANOR,ASSAULT 3 & RELATED OFFENSES,2013.0,53542
349,MISDEMEANOR,ASSAULT 3 & RELATED OFFENSES,2014.0,53785
350,MISDEMEANOR,ASSAULT 3 & RELATED OFFENSES,2015.0,52226
351,MISDEMEANOR,ASSAULT 3 & RELATED OFFENSES,2016.0,52423
352,MISDEMEANOR,ASSAULT 3 & RELATED OFFENSES,2017.0,51277
353,MISDEMEANOR,BURGLAR'S TOOLS,2006.0,160
354,MISDEMEANOR,BURGLAR'S TOOLS,2007.0,193
355,MISDEMEANOR,BURGLAR'S TOOLS,2008.0,171
356,MISDEMEANOR,BURGLAR'S TOOLS,2009.0,218
357,MISDEMEANOR,BURGLAR'S TOOLS,2010.0,222
358,MISDEMEANOR,BURGLAR'S TOOLS,2011.0,273
359,MISDEMEANOR,BURGLAR'S TOOLS,2012.0,292
360,MISDEMEANOR,BURGLAR'S TOOLS,2013.0,288
361,MISDEMEANOR,BURGLAR'S TOOLS,2014.0,373
362,MISDEMEANOR,BURGLAR'S TOOLS,2015.0,286
363,MISDEMEANOR,BURGLAR'S TOOLS,2016.0,263
364,MISDEMEANOR,BURGLAR'S TOOLS,2017.0,257
365,MISDEMEANOR,CRIMINAL MISCHIEF & RELATED OF,2006.0,45887
366,MISDEMEANOR,CRIMINAL MISCHIEF & RELATED OF,2007.0,48918
367,MISDEMEANOR,CRIMINAL MISCHIEF & RELATED OF,2008.0,49224
368,MISDEMEANOR,CRIMINAL MISCHIEF & RELATED OF,2009.0,45856
369,MISDEMEANOR,CRIMINAL MISCHIEF & RELATED OF,2010.0,44929
370,MISDEMEANOR,CRIMINAL MISCHIEF & RELATED OF,2011.0,42826
371,MISDEMEANOR,CRIMINAL MISCHIEF & RELATED OF,2012.0,41010
372,MISDEMEANOR,CRIMINAL MISCHIEF & RELATED OF,2013.0,36329
373,MISDEMEANOR,CRIMINAL MISCHIEF & RELATED OF,2014.0,38857
374,MISDEMEANOR,CRIMINAL MISCHIEF & RELATED OF,2015.0,39480
375,MISDEMEANOR,CRIMINAL MISCHIEF & RELATED OF,2016.0,38736
376,MISDEMEANOR,CRIMINAL MISCHIEF & RELATED OF,2017.0,38763
377,MISDEMEANOR,CRIMINAL TRESPASS,2006.0,6782
378,MISDEMEANOR,CRIMINAL TRESPASS,2007.0,8059
379,MISDEMEANOR,CRIMINAL TRESPASS,2008.0,8322
380,MISDEMEANOR,CRIMINAL TRESPASS,2009.0,8539
381,MISDEMEANOR,CRIMINAL TRESPASS,2010.0,7728
382,MISDEMEANOR,CRIMINAL TRESPASS,2011.0,6833
383,MISDEMEANOR,CRIMINAL TRESPASS,2012.0,5795
384,MISDEMEANOR,CRIMINAL TRESPASS,2013.0,4986
385,MISDEMEANOR,CRIMINAL TRESPASS,2014.0,5147
386,MISDEMEANOR,CRIMINAL TRESPASS,2015.0,4324
387,MISDEMEANOR,CRIMINAL TRESPASS,2016.0,3926
388,MISDEMEANOR,CRIMINAL TRESPASS,2017.0,3599
389,MISDEMEANOR,DANGEROUS DRUGS,2006.0,27975
390,MISDEMEANOR,DANGEROUS DRUGS,2007.0,31085
391,MISDEMEANOR,DANGEROUS DRUGS,2008.0,30961
392,MISDEMEANOR,DANGEROUS DRUGS,2009.0,32604
393,MISDEMEANOR,DANGEROUS DRUGS,2010.0,32926
394,MISDEMEANOR,DANGEROUS DRUGS,2011.0,32841
395,MISDEMEANOR,DANGEROUS DRUGS,2012.0,29372
396,MISDEMEANOR,DANGEROUS DRUGS,2013.0,24444
397,MISDEMEANOR,DANGEROUS DRUGS,2014.0,24317
398,MISDEMEANOR,DANGEROUS DRUGS,2015.0,19215
399,MISDEMEANOR,DANGEROUS DRUGS,2016.0,17897
400,MISDEMEANOR,DANGEROUS DRUGS,2017.0,17221
401,MISDEMEANOR,DANGEROUS WEAPONS,2006.0,7100
402,MISDEMEANOR,DANGEROUS WEAPONS,2007.0,7716
403,MISDEMEANOR,DANGEROUS WEAPONS,2008.0,7657
404,MISDEMEANOR,DANGEROUS WEAPONS,2009.0,8364
405,MISDEMEANOR,DANGEROUS WEAPONS,2010.0,8728
406,MISDEMEANOR,DANGEROUS WEAPONS,2011.0,8605
407,MISDEMEANOR,DANGEROUS WEAPONS,2012.0,7121
408,MISDEMEANOR,DANGEROUS WEAPONS,2013.0,6514
409,MISDEMEANOR,DANGEROUS WEAPONS,2014.0,6169
410,MISDEMEANOR,DANGEROUS WEAPONS,2015.0,5674
411,MISDEMEANOR,DANGEROUS WEAPONS,2016.0,5004
412,MISDEMEANOR,DANGEROUS WEAPONS,2017.0,3836
413,MISDEMEANOR,DISRUPTION OF A RELIGIOUS SERV,2006.0,6
414,MISDEMEANOR,DISRUPTION OF A RELIGIOUS SERV,2007.0,7
415,MISDEMEANOR,DISRUPTION OF A RELIGIOUS SERV,2009.0,6
416,MISDEMEANOR,DISRUPTION OF A RELIGIOUS SERV,2010.0,3
417,MISDEMEANOR,DISRUPTION OF A RELIGIOUS SERV,2011.0,4
418,MISDEMEANOR,DISRUPTION OF A RELIGIOUS SERV,2012.0,4
419,MISDEMEANOR,DISRUPTION OF A RELIGIOUS SERV,2013.0,5
420,MISDEMEANOR,DISRUPTION OF A RELIGIOUS SERV,2014.0,6
421,MISDEMEANOR,DISRUPTION OF A RELIGIOUS SERV,2015.0,7
422,MISDEMEANOR,DISRUPTION OF A RELIGIOUS SERV,2016.0,2
423,MISDEMEANOR,DISRUPTION OF A RELIGIOUS SERV,2017.0,1
424,MISDEMEANOR,ENDAN WELFARE INCOMP,2006.0,12
425,MISDEMEANOR,ENDAN WELFARE INCOMP,2007.0,6
426,MISDEMEANOR,ENDAN WELFARE INCOMP,2008.0,10
427,MISDEMEANOR,ENDAN WELFARE INCOMP,2009.0,18
428,MISDEMEANOR,ENDAN WELFARE INCOMP,2010.0,10
429,MISDEMEANOR,ENDAN WELFARE INCOMP,2011.0,9
430,MISDEMEANOR,ENDAN WELFARE INCOMP,2012.0,16
431,MISDEMEANOR,ENDAN WELFARE INCOMP,2013.0,17
432,MISDEMEANOR,ENDAN WELFARE INCOMP,2014.0,11
433,MISDEMEANOR,ENDAN WELFARE INCOMP,2015.0,12
434,MISDEMEANOR,ENDAN WELFARE INCOMP,2016.0,14
435,MISDEMEANOR,ENDAN WELFARE INCOMP,2017.0,15
436,MISDEMEANOR,ESCAPE 3,2006.0,19
437,MISDEMEANOR,ESCAPE 3,2007.0,33
438,MISDEMEANOR,ESCAPE 3,2008.0,23
439,MISDEMEANOR,ESCAPE 3,2009.0,22
440,MISDEMEANOR,ESCAPE 3,2010.0,15
441,MISDEMEANOR,ESCAPE 3,2011.0,11
442,MISDEMEANOR,ESCAPE 3,2012.0,11
443,MISDEMEANOR,ESCAPE 3,2013.0,10
444,MISDEMEANOR,ESCAPE 3,2014.0,9
445,MISDEMEANOR,ESCAPE 3,2015.0,14
446,MISDEMEANOR,ESCAPE 3,2016.0,8
447,MISDEMEANOR,ESCAPE 3,2017.0,10
448,MISDEMEANOR,FORTUNE TELLING,2006.0,2
449,MISDEMEANOR,FORTUNE TELLING,2007.0,2
450,MISDEMEANOR,FORTUNE TELLING,2010.0,3
451,MISDEMEANOR,FORTUNE TELLING,2012.0,3
452,MISDEMEANOR,FORTUNE TELLING,2015.0,1
453,MISDEMEANOR,FRAUDS,2006.0,2694
454,MISDEMEANOR,FRAUDS,2007.0,2611
455,MISDEMEANOR,FRAUDS,2008.0,2931
456,MISDEMEANOR,FRAUDS,2009.0,2943
457,MISDEMEANOR,FRAUDS,2010.0,3047
458,MISDEMEANOR,FRAUDS,2011.0,3192
459,MISDEMEANOR,FRAUDS,2012.0,3524
460,MISDEMEANOR,FRAUDS,2013.0,3330
461,MISDEMEANOR,FRAUDS,2014.0,3782
462,MISDEMEANOR,FRAUDS,2015.0,3524
463,MISDEMEANOR,FRAUDS,2016.0,3251
464,MISDEMEANOR,FRAUDS,2017.0,2561
465,MISDEMEANOR,FRAUDULENT ACCOSTING,2006.0,296
466,MISDEMEANOR,FRAUDULENT ACCOSTING,2007.0,235
467,MISDEMEANOR,FRAUDULENT ACCOSTING,2008.0,299
468,MISDEMEANOR,FRAUDULENT ACCOSTING,2009.0,306
469,MISDEMEANOR,FRAUDULENT ACCOSTING,2010.0,312
470,MISDEMEANOR,FRAUDULENT ACCOSTING,2011.0,292
471,MISDEMEANOR,FRAUDULENT ACCOSTING,2012.0,297
472,MISDEMEANOR,FRAUDULENT ACCOSTING,2013.0,187
473,MISDEMEANOR,FRAUDULENT ACCOSTING,2014.0,247
474,MISDEMEANOR,FRAUDULENT ACCOSTING,2015.0,172
475,MISDEMEANOR,FRAUDULENT ACCOSTING,2016.0,215
476,MISDEMEANOR,FRAUDULENT ACCOSTING,2017.0,186
477,MISDEMEANOR,GAMBLING,2006.0,161
478,MISDEMEANOR,GAMBLING,2007.0,208
479,MISDEMEANOR,GAMBLING,2008.0,184
480,MISDEMEANOR,GAMBLING,2009.0,196
481,MISDEMEANOR,GAMBLING,2010.0,179
482,MISDEMEANOR,GAMBLING,2011.0,148
483,MISDEMEANOR,GAMBLING,2012.0,181
484,MISDEMEANOR,GAMBLING,2013.0,124
485,MISDEMEANOR,GAMBLING,2014.0,182
486,MISDEMEANOR,GAMBLING,2015.0,340
487,MISDEMEANOR,GAMBLING,2016.0,264
488,MISDEMEANOR,GAMBLING,2017.0,242
489,MISDEMEANOR,INTOXICATED & IMPAIRED DRIVING,2006.0,7591
490,MISDEMEANOR,INTOXICATED & IMPAIRED DRIVING,2007.0,8650
491,MISDEMEANOR,INTOXICATED & IMPAIRED DRIVING,2008.0,8282
492,MISDEMEANOR,INTOXICATED & IMPAIRED DRIVING,2009.0,7690
493,MISDEMEANOR,INTOXICATED & IMPAIRED DRIVING,2010.0,6698
494,MISDEMEANOR,INTOXICATED & IMPAIRED DRIVING,2011.0,6027
495,MISDEMEANOR,INTOXICATED & IMPAIRED DRIVING,2012.0,6727
496,MISDEMEANOR,INTOXICATED & IMPAIRED DRIVING,2013.0,8236
497,MISDEMEANOR,INTOXICATED & IMPAIRED DRIVING,2014.0,7876
498,MISDEMEANOR,INTOXICATED & IMPAIRED DRIVING,2015.0,5933
499,MISDEMEANOR,INTOXICATED & IMPAIRED DRIVING,2016.0,5957
500,MISDEMEANOR,INTOXICATED & IMPAIRED DRIVING,2017.0,5647
501,MISDEMEANOR,JOSTLING,2006.0,23
502,MISDEMEANOR,JOSTLING,2007.0,15
503,MISDEMEANOR,JOSTLING,2008.0,27
504,MISDEMEANOR,JOSTLING,2009.0,28
505,MISDEMEANOR,JOSTLING,2010.0,19
506,MISDEMEANOR,JOSTLING,2011.0,33
507,MISDEMEANOR,JOSTLING,2012.0,47
508,MISDEMEANOR,JOSTLING,2013.0,30
509,MISDEMEANOR,JOSTLING,2014.0,39
510,MISDEMEANOR,JOSTLING,2015.0,38
511,MISDEMEANOR,JOSTLING,2016.0,49
512,MISDEMEANOR,JOSTLING,2017.0,38
513,MISDEMEANOR,LOITERING FOR DRUG PURPOSES,2006.0,4
514,MISDEMEANOR,LOITERING FOR DRUG PURPOSES,2007.0,4
515,MISDEMEANOR,LOITERING FOR DRUG PURPOSES,2008.0,10
516,MISDEMEANOR,LOITERING FOR DRUG PURPOSES,2009.0,2
517,MISDEMEANOR,LOITERING FOR DRUG PURPOSES,2010.0,2
518,MISDEMEANOR,LOITERING FOR DRUG PURPOSES,2014.0,1
519,MISDEMEANOR,NEW YORK CITY HEALTH CODE,2006.0,2
520,MISDEMEANOR,NEW YORK CITY HEALTH CODE,2007.0,4
521,MISDEMEANOR,NEW YORK CITY HEALTH CODE,2008.0,7
522,MISDEMEANOR,NEW YORK CITY HEALTH CODE,2009.0,1
523,MISDEMEANOR,NEW YORK CITY HEALTH CODE,2010.0,2
524,MISDEMEANOR,NEW YORK CITY HEALTH CODE,2011.0,2
525,MISDEMEANOR,NEW YORK CITY HEALTH CODE,2012.0,1
526,MISDEMEANOR,NEW YORK CITY HEALTH CODE,2013.0,9
527,MISDEMEANOR,NEW YORK CITY HEALTH CODE,2014.0,7
528,MISDEMEANOR,NEW YORK CITY HEALTH CODE,2015.0,9
529,MISDEMEANOR,NEW YORK CITY HEALTH CODE,2016.0,2
530,MISDEMEANOR,NEW YORK CITY HEALTH CODE,2017.0,4
531,MISDEMEANOR,OFF. AGNST PUB ORD SENSBLTY &,2006.0,33891
532,MISDEMEANOR,OFF. AGNST PUB ORD SENSBLTY &,2007.0,33215
533,MISDEMEANOR,OFF. AGNST PUB ORD SENSBLTY &,2008.0,31208
534,MISDEMEANOR,OFF. AGNST PUB ORD SENSBLTY &,2009.0,30924
535,MISDEMEANOR,OFF. AGNST PUB ORD SENSBLTY &,2010.0,30286
536,MISDEMEANOR,OFF. AGNST PUB ORD SENSBLTY &,2011.0,28020
537,MISDEMEANOR,OFF. AGNST PUB ORD SENSBLTY &,2012.0,27413
538,MISDEMEANOR,OFF. AGNST PUB ORD SENSBLTY &,2013.0,26966
539,MISDEMEANOR,OFF. AGNST PUB ORD SENSBLTY &,2014.0,19686
540,MISDEMEANOR,OFF. AGNST PUB ORD SENSBLTY &,2015.0,20852
541,MISDEMEANOR,OFF. AGNST PUB ORD SENSBLTY &,2016.0,22693
542,MISDEMEANOR,OFF. AGNST PUB ORD SENSBLTY &,2017.0,21095
543,MISDEMEANOR,OFFENSES AGAINST MARRIAGE UNCL,2008.0,1
544,MISDEMEANOR,OFFENSES AGAINST MARRIAGE UNCL,2009.0,1
545,MISDEMEANOR,OFFENSES AGAINST MARRIAGE UNCL,2012.0,1
546,MISDEMEANOR,OFFENSES AGAINST PUBLIC ADMINI,2006.0,5606
547,MISDEMEANOR,OFFENSES AGAINST PUBLIC ADMINI,2007.0,9658
548,MISDEMEANOR,OFFENSES AGAINST PUBLIC ADMINI,2008.0,10386
549,MISDEMEANOR,OFFENSES AGAINST PUBLIC ADMINI,2009.0,11196
550,MISDEMEANOR,OFFENSES AGAINST PUBLIC ADMINI,2010.0,11155
551,MISDEMEANOR,OFFENSES AGAINST PUBLIC ADMINI,2011.0,11056
552,MISDEMEANOR,OFFENSES AGAINST PUBLIC ADMINI,2012.0,10718
553,MISDEMEANOR,OFFENSES AGAINST PUBLIC ADMINI,2013.0,10683
554,MISDEMEANOR,OFFENSES AGAINST PUBLIC ADMINI,2014.0,10295
555,MISDEMEANOR,OFFENSES AGAINST PUBLIC ADMINI,2015.0,9423
556,MISDEMEANOR,OFFENSES AGAINST PUBLIC ADMINI,2016.0,8890
557,MISDEMEANOR,OFFENSES AGAINST PUBLIC ADMINI,2017.0,7937
558,MISDEMEANOR,OFFENSES AGAINST PUBLIC SAFETY,2006.0,51
559,MISDEMEANOR,OFFENSES AGAINST PUBLIC SAFETY,2007.0,50
560,MISDEMEANOR,OFFENSES AGAINST PUBLIC SAFETY,2008.0,53
561,MISDEMEANOR,OFFENSES AGAINST PUBLIC SAFETY,2009.0,79
562,MISDEMEANOR,OFFENSES AGAINST PUBLIC SAFETY,2010.0,110
563,MISDEMEANOR,OFFENSES AGAINST PUBLIC SAFETY,2011.0,88
564,MISDEMEANOR,OFFENSES AGAINST PUBLIC SAFETY,2012.0,105
565,MISDEMEANOR,OFFENSES AGAINST PUBLIC SAFETY,2013.0,96
566,MISDEMEANOR,OFFENSES AGAINST PUBLIC SAFETY,2014.0,107
567,MISDEMEANOR,OFFENSES AGAINST PUBLIC SAFETY,2015.0,71
568,MISDEMEANOR,OFFENSES AGAINST PUBLIC SAFETY,2016.0,56
569,MISDEMEANOR,OFFENSES AGAINST PUBLIC SAFETY,2017.0,47
570,MISDEMEANOR,OFFENSES AGAINST THE PERSON,2006.0,1152
571,MISDEMEANOR,OFFENSES AGAINST THE PERSON,2007.0,1275
572,MISDEMEANOR,OFFENSES AGAINST THE PERSON,2008.0,1150
573,MISDEMEANOR,OFFENSES AGAINST THE PERSON,2009.0,1127
574,MISDEMEANOR,OFFENSES AGAINST THE PERSON,2010.0,1196
575,MISDEMEANOR,OFFENSES AGAINST THE PERSON,2011.0,1200
576,MISDEMEANOR,OFFENSES AGAINST THE PERSON,2012.0,1240
577,MISDEMEANOR,OFFENSES AGAINST THE PERSON,2013.0,1367
578,MISDEMEANOR,OFFENSES AGAINST THE PERSON,2014.0,1341
579,MISDEMEANOR,OFFENSES AGAINST THE PERSON,2015.0,1287
580,MISDEMEANOR,OFFENSES AGAINST THE PERSON,2016.0,1236
581,MISDEMEANOR,OFFENSES AGAINST THE PERSON,2017.0,1327
582,MISDEMEANOR,OFFENSES INVOLVING FRAUD,2006.0,1996
583,MISDEMEANOR,OFFENSES INVOLVING FRAUD,2007.0,1803
584,MISDEMEANOR,OFFENSES INVOLVING FRAUD,2008.0,1703
585,MISDEMEANOR,OFFENSES INVOLVING FRAUD,2009.0,2051
586,MISDEMEANOR,OFFENSES INVOLVING FRAUD,2010.0,2288
587,MISDEMEANOR,OFFENSES INVOLVING FRAUD,2011.0,1971
588,MISDEMEANOR,OFFENSES INVOLVING FRAUD,2012.0,1676
589,MISDEMEANOR,OFFENSES INVOLVING FRAUD,2013.0,1525
590,MISDEMEANOR,OFFENSES INVOLVING FRAUD,2014.0,1521
591,MISDEMEANOR,OFFENSES INVOLVING FRAUD,2015.0,1183
592,MISDEMEANOR,OFFENSES INVOLVING FRAUD,2016.0,1238
593,MISDEMEANOR,OFFENSES INVOLVING FRAUD,2017.0,1151
594,MISDEMEANOR,OFFENSES RELATED TO CHILDREN,2006.0,32
595,MISDEMEANOR,OFFENSES RELATED TO CHILDREN,2007.0,194
596,MISDEMEANOR,OFFENSES RELATED TO CHILDREN,2008.0,49
597,MISDEMEANOR,OFFENSES RELATED TO CHILDREN,2009.0,119
598,MISDEMEANOR,OFFENSES RELATED TO CHILDREN,2010.0,156
599,MISDEMEANOR,OFFENSES RELATED TO CHILDREN,2011.0,173
600,MISDEMEANOR,OFFENSES RELATED TO CHILDREN,2012.0,182
601,MISDEMEANOR,OFFENSES RELATED TO CHILDREN,2013.0,156
602,MISDEMEANOR,OFFENSES RELATED TO CHILDREN,2014.0,136
603,MISDEMEANOR,OFFENSES RELATED TO CHILDREN,2015.0,145
604,MISDEMEANOR,OFFENSES RELATED TO CHILDREN,2016.0,107
605,MISDEMEANOR,OFFENSES RELATED TO CHILDREN,2017.0,61
606,MISDEMEANOR,OTHER OFFENSES RELATED TO THEF,2006.0,480
607,MISDEMEANOR,OTHER OFFENSES RELATED TO THEF,2007.0,660
608,MISDEMEANOR,OTHER OFFENSES RELATED TO THEF,2008.0,735
609,MISDEMEANOR,OTHER OFFENSES RELATED TO THEF,2009.0,859
610,MISDEMEANOR,OTHER OFFENSES RELATED TO THEF,2010.0,959
611,MISDEMEANOR,OTHER OFFENSES RELATED TO THEF,2011.0,917
612,MISDEMEANOR,OTHER OFFENSES RELATED TO THEF,2012.0,1070
613,MISDEMEANOR,OTHER OFFENSES RELATED TO THEF,2013.0,1130
614,MISDEMEANOR,OTHER OFFENSES RELATED TO THEF,2014.0,1341
615,MISDEMEANOR,OTHER OFFENSES RELATED TO THEF,2015.0,1522
616,MISDEMEANOR,OTHER OFFENSES RELATED TO THEF,2016.0,1718
617,MISDEMEANOR,OTHER OFFENSES RELATED TO THEF,2017.0,1491
618,MISDEMEANOR,OTHER STATE LAWS (NON PENAL LA,2006.0,678
619,MISDEMEANOR,OTHER STATE LAWS (NON PENAL LA,2007.0,794
620,MISDEMEANOR,OTHER STATE LAWS (NON PENAL LA,2008.0,521
621,MISDEMEANOR,OTHER STATE LAWS (NON PENAL LA,2009.0,581
622,MISDEMEANOR,OTHER STATE LAWS (NON PENAL LA,2010.0,581
623,MISDEMEANOR,OTHER STATE LAWS (NON PENAL LA,2011.0,610
624,MISDEMEANOR,OTHER STATE LAWS (NON PENAL LA,2012.0,449
625,MISDEMEANOR,OTHER STATE LAWS (NON PENAL LA,2013.0,396
626,MISDEMEANOR,OTHER STATE LAWS (NON PENAL LA,2014.0,558
627,MISDEMEANOR,OTHER STATE LAWS (NON PENAL LA,2015.0,337
628,MISDEMEANOR,OTHER STATE LAWS (NON PENAL LA,2016.0,234
629,MISDEMEANOR,OTHER STATE LAWS (NON PENAL LA,2017.0,280
630,MISDEMEANOR,OTHER STATE LAWS (NON PENAL LAW),2012.0,3
631,MISDEMEANOR,OTHER STATE LAWS (NON PENAL LAW),2015.0,1
632,MISDEMEANOR,OTHER STATE LAWS (NON PENAL LAW),2016.0,5
633,MISDEMEANOR,OTHER STATE LAWS (NON PENAL LAW),2017.0,1
634,MISDEMEANOR,PETIT LARCENY,2006.0,80687
635,MISDEMEANOR,PETIT LARCENY,2007.0,79966
636,MISDEMEANOR,PETIT LARCENY,2008.0,82981
637,MISDEMEANOR,PETIT LARCENY,2009.0,80648
638,MISDEMEANOR,PETIT LARCENY,2010.0,81405
639,MISDEMEANOR,PETIT LARCENY,2011.0,81135
640,MISDEMEANOR,PETIT LARCENY,2012.0,83162
641,MISDEMEANOR,PETIT LARCENY,2013.0,85156
642,MISDEMEANOR,PETIT LARCENY,2014.0,85080
643,MISDEMEANOR,PETIT LARCENY,2015.0,81620
644,MISDEMEANOR,PETIT LARCENY,2016.0,81183
645,MISDEMEANOR,PETIT LARCENY,2017.0,82018
646,MISDEMEANOR,PETIT LARCENY OF MOTOR VEHICLE,2006.0,172
647,MISDEMEANOR,PETIT LARCENY OF MOTOR VEHICLE,2007.0,128
648,MISDEMEANOR,PETIT LARCENY OF MOTOR VEHICLE,2008.0,103
649,MISDEMEANOR,PETIT LARCENY OF MOTOR VEHICLE,2009.0,79
650,MISDEMEANOR,PETIT LARCENY OF MOTOR VEHICLE,2010.0,57
651,MISDEMEANOR,PETIT LARCENY OF MOTOR VEHICLE,2011.0,67
652,MISDEMEANOR,PETIT LARCENY OF MOTOR VEHICLE,2012.0,66
653,MISDEMEANOR,PETIT LARCENY OF MOTOR VEHICLE,2013.0,83
654,MISDEMEANOR,PETIT LARCENY OF MOTOR VEHICLE,2014.0,76
655,MISDEMEANOR,PETIT LARCENY OF MOTOR VEHICLE,2015.0,73
656,MISDEMEANOR,PETIT LARCENY OF MOTOR VEHICLE,2016.0,37
657,MISDEMEANOR,PETIT LARCENY OF MOTOR VEHICLE,2017.0,54
658,MISDEMEANOR,POSSESSION OF STOLEN PROPERTY,2006.0,2000
659,MISDEMEANOR,POSSESSION OF STOLEN PROPERTY,2007.0,1880
660,MISDEMEANOR,POSSESSION OF STOLEN PROPERTY,2008.0,1808
661,MISDEMEANOR,POSSESSION OF STOLEN PROPERTY,2009.0,2020
662,MISDEMEANOR,POSSESSION OF STOLEN PROPERTY,2010.0,2244
663,MISDEMEANOR,POSSESSION OF STOLEN PROPERTY,2011.0,2844
664,MISDEMEANOR,POSSESSION OF STOLEN PROPERTY,2012.0,2663
665,MISDEMEANOR,POSSESSION OF STOLEN PROPERTY,2013.0,2323
666,MISDEMEANOR,POSSESSION OF STOLEN PROPERTY,2014.0,1458
667,MISDEMEANOR,POSSESSION OF STOLEN PROPERTY,2015.0,1130
668,MISDEMEANOR,POSSESSION OF STOLEN PROPERTY,2016.0,925
669,MISDEMEANOR,POSSESSION OF STOLEN PROPERTY,2017.0,948
670,MISDEMEANOR,PROSTITUTION & RELATED OFFENSES,2006.0,32
671,MISDEMEANOR,PROSTITUTION & RELATED OFFENSES,2007.0,87
672,MISDEMEANOR,PROSTITUTION & RELATED OFFENSES,2008.0,66
673,MISDEMEANOR,PROSTITUTION & RELATED OFFENSES,2009.0,59
674,MISDEMEANOR,PROSTITUTION & RELATED OFFENSES,2010.0,73
675,MISDEMEANOR,PROSTITUTION & RELATED OFFENSES,2011.0,66
676,MISDEMEANOR,PROSTITUTION & RELATED OFFENSES,2012.0,71
677,MISDEMEANOR,PROSTITUTION & RELATED OFFENSES,2013.0,53
678,MISDEMEANOR,PROSTITUTION & RELATED OFFENSES,2014.0,114
679,MISDEMEANOR,PROSTITUTION & RELATED OFFENSES,2015.0,99
680,MISDEMEANOR,PROSTITUTION & RELATED OFFENSES,2016.0,114
681,MISDEMEANOR,PROSTITUTION & RELATED OFFENSES,2017.0,32
682,MISDEMEANOR,SEX CRIMES,2006.0,4826
683,MISDEMEANOR,SEX CRIMES,2007.0,4452
684,MISDEMEANOR,SEX CRIMES,2008.0,4311
685,MISDEMEANOR,SEX CRIMES,2009.0,4483
686,MISDEMEANOR,SEX CRIMES,2010.0,4414
687,MISDEMEANOR,SEX CRIMES,2011.0,4589
688,MISDEMEANOR,SEX CRIMES,2012.0,4342
689,MISDEMEANOR,SEX CRIMES,2013.0,3909
690,MISDEMEANOR,SEX CRIMES,2014.0,4166
691,MISDEMEANOR,SEX CRIMES,2015.0,4483
692,MISDEMEANOR,SEX CRIMES,2016.0,4799
693,MISDEMEANOR,SEX CRIMES,2017.0,4897
694,MISDEMEANOR,THEFT OF SERVICES,2007.0,11
695,MISDEMEANOR,THEFT OF SERVICES,2008.0,32
696,MISDEMEANOR,THEFT OF SERVICES,2009.0,40
697,MISDEMEANOR,THEFT OF SERVICES,2010.0,321
698,MISDEMEANOR,THEFT OF SERVICES,2011.0,325
699,MISDEMEANOR,THEFT OF SERVICES,2012.0,637
700,MISDEMEANOR,THEFT OF SERVICES,2013.0,553
701,MISDEMEANOR,THEFT OF SERVICES,2014.0,424
702,MISDEMEANOR,THEFT OF SERVICES,2015.0,479
703,MISDEMEANOR,THEFT OF SERVICES,2016.0,502
704,MISDEMEANOR,THEFT OF SERVICES,2017.0,286
705,MISDEMEANOR,UNAUTHORIZED USE OF A VEHICLE,2006.0,1303
706,MISDEMEANOR,UNAUTHORIZED USE OF A VEHICLE,2007.0,1307
707,MISDEMEANOR,UNAUTHORIZED USE OF A VEHICLE,2008.0,1185
708,MISDEMEANOR,UNAUTHORIZED USE OF A VEHICLE,2009.0,1171
709,MISDEMEANOR,UNAUTHORIZED USE OF A VEHICLE,2010.0,1311
710,MISDEMEANOR,UNAUTHORIZED USE OF A VEHICLE,2011.0,1311
711,MISDEMEANOR,UNAUTHORIZED USE OF A VEHICLE,2012.0,1411
712,MISDEMEANOR,UNAUTHORIZED USE OF A VEHICLE,2013.0,1531
713,MISDEMEANOR,UNAUTHORIZED USE OF A VEHICLE,2014.0,1709
714,MISDEMEANOR,UNAUTHORIZED USE OF A VEHICLE,2015.0,1650
715,MISDEMEANOR,UNAUTHORIZED USE OF A VEHICLE,2016.0,1795
716,MISDEMEANOR,UNAUTHORIZED USE OF A VEHICLE,2017.0,1552
717,MISDEMEANOR,VEHICLE AND TRAFFIC LAWS,2006.0,5983
718,MISDEMEANOR,VEHICLE AND TRAFFIC LAWS,2007.0,5520
719,MISDEMEANOR,VEHICLE AND TRAFFIC LAWS,2008.0,5237
720,MISDEMEANOR,VEHICLE AND TRAFFIC LAWS,2009.0,6162
721,MISDEMEANOR,VEHICLE AND TRAFFIC LAWS,2010.0,6622
722,MISDEMEANOR,VEHICLE AND TRAFFIC LAWS,2011.0,5822
723,MISDEMEANOR,VEHICLE AND TRAFFIC LAWS,2012.0,5570
724,MISDEMEANOR,VEHICLE AND TRAFFIC LAWS,2013.0,6087
725,MISDEMEANOR,VEHICLE AND TRAFFIC LAWS,2014.0,5839
726,MISDEMEANOR,VEHICLE AND TRAFFIC LAWS,2015.0,6278
727,MISDEMEANOR,VEHICLE AND TRAFFIC LAWS,2016.0,6573
728,MISDEMEANOR,VEHICLE AND TRAFFIC LAWS,2017.0,6435
729,VIOLATION,ADMINISTRATIVE CODE,2006.0,150
730,VIOLATION,ADMINISTRATIVE CODE,2007.0,162
731,VIOLATION,ADMINISTRATIVE CODE,2008.0,149
732,VIOLATION,ADMINISTRATIVE CODE,2009.0,231
733,VIOLATION,ADMINISTRATIVE CODE,2010.0,157
734,VIOLATION,ADMINISTRATIVE CODE,2011.0,172
735,VIOLATION,ADMINISTRATIVE CODE,2012.0,141
736,VIOLATION,ADMINISTRATIVE CODE,2013.0,106
737,VIOLATION,ADMINISTRATIVE CODE,2014.0,86
738,VIOLATION,ADMINISTRATIVE CODE,2015.0,90
739,VIOLATION,ADMINISTRATIVE CODE,2016.0,65
740,VIOLATION,ADMINISTRATIVE CODE,2017.0,54
741,VIOLATION,ADMINISTRATIVE CODES,2006.0,2
742,VIOLATION,ADMINISTRATIVE CODES,2007.0,2
743,VIOLATION,ADMINISTRATIVE CODES,2008.0,4
744,VIOLATION,ADMINISTRATIVE CODES,2010.0,2
745,VIOLATION,ADMINISTRATIVE CODES,2011.0,1
746,VIOLATION,ADMINISTRATIVE CODES,2012.0,4
747,VIOLATION,ADMINISTRATIVE CODES,2013.0,1
748,VIOLATION,ADMINISTRATIVE CODES,2015.0,2
749,VIOLATION,ADMINISTRATIVE CODES,2016.0,1
750,VIOLATION,DISORDERLY CONDUCT,2008.0,80
751,VIOLATION,DISORDERLY CONDUCT,2009.0,181
752,VIOLATION,DISORDERLY CONDUCT,2010.0,162
753,VIOLATION,DISORDERLY CONDUCT,2011.0,119
754,VIOLATION,DISORDERLY CONDUCT,2012.0,98
755,VIOLATION,DISORDERLY CONDUCT,2013.0,87
756,VIOLATION,DISORDERLY CONDUCT,2014.0,47
757,VIOLATION,DISORDERLY CONDUCT,2015.0,56
758,VIOLATION,DISORDERLY CONDUCT,2016.0,72
759,VIOLATION,DISORDERLY CONDUCT,2017.0,29
760,VIOLATION,HARRASSMENT 2,2006.0,68767
761,VIOLATION,HARRASSMENT 2,2007.0,65113
762,VIOLATION,HARRASSMENT 2,2008.0,61008
763,VIOLATION,HARRASSMENT 2,2009.0,58521
764,VIOLATION,HARRASSMENT 2,2010.0,57327
765,VIOLATION,HARRASSMENT 2,2011.0,54236
766,VIOLATION,HARRASSMENT 2,2012.0,57021
767,VIOLATION,HARRASSMENT 2,2013.0,57638
768,VIOLATION,HARRASSMENT 2,2014.0,62025
769,VIOLATION,HARRASSMENT 2,2015.0,62250
770,VIOLATION,HARRASSMENT 2,2016.0,65807
771,VIOLATION,HARRASSMENT 2,2017.0,65421
772,VIOLATION,LOITERING,2006.0,1
773,VIOLATION,LOITERING,2007.0,1
774,VIOLATION,LOITERING,2008.0,7
775,VIOLATION,LOITERING,2009.0,3
776,VIOLATION,LOITERING,2010.0,1
777,VIOLATION,LOITERING,2011.0,2
778,VIOLATION,LOITERING,2012.0,3
779,VIOLATION,LOITERING,2013.0,1
780,VIOLATION,LOITERING,2015.0,1
781,VIOLATION,LOITERING,2016.0,1
782,VIOLATION,LOITERING,2017.0,2
783,VIOLATION,LOITERING/DEVIATE SEX,2006.0,2
784,VIOLATION,LOITERING/DEVIATE SEX,2008.0,1
785,VIOLATION,LOITERING/DEVIATE SEX,2009.0,13
786,VIOLATION,"LOITERING/GAMBLING (CARDS, DIC",2006.0,34
787,VIOLATION,"LOITERING/GAMBLING (CARDS, DIC",2007.0,49
788,VIOLATION,"LOITERING/GAMBLING (CARDS, DIC",2008.0,24
789,VIOLATION,"LOITERING/GAMBLING (CARDS, DIC",2009.0,29
790,VIOLATION,"LOITERING/GAMBLING (CARDS, DIC",2010.0,16
791,VIOLATION,"LOITERING/GAMBLING (CARDS, DIC",2011.0,16
792,VIOLATION,"LOITERING/GAMBLING (CARDS, DIC",2012.0,9
793,VIOLATION,"LOITERING/GAMBLING (CARDS, DIC",2013.0,12
794,VIOLATION,"LOITERING/GAMBLING (CARDS, DIC",2014.0,5
795,VIOLATION,"LOITERING/GAMBLING (CARDS, DIC",2015.0,13
796,VIOLATION,"LOITERING/GAMBLING (CARDS, DIC",2016.0,10
797,VIOLATION,"LOITERING/GAMBLING (CARDS, DIC",2017.0,17
798,VIOLATION,MISCELLANEOUS PENAL LAW,2006.0,684
799,VIOLATION,MISCELLANEOUS PENAL LAW,2007.0,776
800,VIOLATION,MISCELLANEOUS PENAL LAW,2008.0,771
801,VIOLATION,MISCELLANEOUS PENAL LAW,2009.0,861
802,VIOLATION,MISCELLANEOUS PENAL LAW,2010.0,901
803,VIOLATION,MISCELLANEOUS PENAL LAW,2011.0,855
804,VIOLATION,MISCELLANEOUS PENAL LAW,2012.0,899
805,VIOLATION,MISCELLANEOUS PENAL LAW,2013.0,913
806,VIOLATION,MISCELLANEOUS PENAL LAW,2014.0,800
807,VIOLATION,MISCELLANEOUS PENAL LAW,2015.0,789
808,VIOLATION,MISCELLANEOUS PENAL LAW,2016.0,774
809,VIOLATION,MISCELLANEOUS PENAL LAW,2017.0,717
810,VIOLATION,NEW YORK CITY HEALTH CODE,2006.0,6
811,VIOLATION,NEW YORK CITY HEALTH CODE,2007.0,5
812,VIOLATION,NEW YORK CITY HEALTH CODE,2008.0,1
813,VIOLATION,NEW YORK CITY HEALTH CODE,2009.0,5
814,VIOLATION,NEW YORK CITY HEALTH CODE,2010.0,2
815,VIOLATION,NEW YORK CITY HEALTH CODE,2011.0,4
816,VIOLATION,NEW YORK CITY HEALTH CODE,2013.0,1
817,VIOLATION,NEW YORK CITY HEALTH CODE,2014.0,5
818,VIOLATION,NEW YORK CITY HEALTH CODE,2015.0,2
819,VIOLATION,NEW YORK CITY HEALTH CODE,2016.0,2
820,VIOLATION,NEW YORK CITY HEALTH CODE,2017.0,2
821,VIOLATION,NYS LAWS-UNCLASSIFIED VIOLATION,2015.0,6
822,VIOLATION,NYS LAWS-UNCLASSIFIED VIOLATION,2016.0,14
823,VIOLATION,NYS LAWS-UNCLASSIFIED VIOLATION,2017.0,6
824,VIOLATION,OTHER STATE LAWS,2006.0,25
825,VIOLATION,OTHER STATE LAWS,2007.0,42
826,VIOLATION,OTHER STATE LAWS,2008.0,20
827,VIOLATION,OTHER STATE LAWS,2009.0,22
828,VIOLATION,OTHER STATE LAWS,2010.0,40
829,VIOLATION,OTHER STATE LAWS,2011.0,19
830,VIOLATION,OTHER STATE LAWS,2012.0,20
831,VIOLATION,OTHER STATE LAWS,2013.0,14
832,VIOLATION,OTHER STATE LAWS,2014.0,19
833,VIOLATION,OTHER STATE LAWS,2015.0,11
834,VIOLATION,OTHER STATE LAWS,2016.0,19
835,VIOLATION,OTHER STATE LAWS,2017.0,12
836,VIOLATION,OTHER TRAFFIC INFRACTION,2007.0,1
837,VIOLATION,OTHER TRAFFIC INFRACTION,2008.0,3
838,VIOLATION,OTHER TRAFFIC INFRACTION,2011.0,1
839,VIOLATION,OTHER TRAFFIC INFRACTION,2012.0,3
840,VIOLATION,OTHER TRAFFIC INFRACTION,2013.0,3
841,VIOLATION,OTHER TRAFFIC INFRACTION,2014.0,1
842,VIOLATION,OTHER TRAFFIC INFRACTION,2015.0,1
843,VIOLATION,UNDER THE INFLUENCE OF DRUGS,2009.0,1
844,VIOLATION,UNDER THE INFLUENCE OF DRUGS,2014.0,1
845,VIOLATION,UNDER THE INFLUENCE OF DRUGS,2015.0,1
846,VIOLATION,UNLAWFUL POSS. WEAP. ON SCHOOL,2006.0,7
847,VIOLATION,UNLAWFUL POSS. WEAP. ON SCHOOL,2007.0,3
848,VIOLATION,UNLAWFUL POSS. WEAP. ON SCHOOL,2008.0,5
849,VIOLATION,UNLAWFUL POSS. WEAP. ON SCHOOL,2009.0,9
850,VIOLATION,UNLAWFUL POSS. WEAP. ON SCHOOL,2010.0,5
851,VIOLATION,UNLAWFUL POSS. WEAP. ON SCHOOL,2011.0,8
852,VIOLATION,UNLAWFUL POSS. WEAP. ON SCHOOL,2012.0,5
853,VIOLATION,UNLAWFUL POSS. WEAP. ON SCHOOL,2013.0,10
854,VIOLATION,UNLAWFUL POSS. WEAP. ON SCHOOL,2014.0,5
855,VIOLATION,UNLAWFUL POSS. WEAP. ON SCHOOL,2015.0,2
856,VIOLATION,UNLAWFUL POSS. WEAP. ON SCHOOL,2016.0,3
857,VIOLATION,UNLAWFUL POSS. WEAP. ON SCHOOL,2017.0,2
